indice,nombre,tipo_producto,tipo_ia,tipo_discapacidad,usabilidad_score,robustez_score,operabilidad_score,puntuacion_global
38,Deepseek,"Asistentes conversacionales, Software de comunicación asistiva, Generadores automáticos de descripciones de imágenes","Procesamiento de Lenguaje Natural, Reconocimiento de voz, Síntesis de voz, Visión por computadora","Cognitiva, Visual",5.0,3.6666666666666665,5.0,4.6
28,Grid,"Software de comunicación asistiva, Dispositivos asistivos inteligentes, Teclados virtuales predictivos, Lectores de pantalla avanzados","Procesamiento de Lenguaje Natural, Síntesis de voz, Reconocimiento de voz","Cognitiva, Motora",5.0,4.333333333333333,4.0,4.5
1,Chat GPT,"Asistentes conversacionales, Herramientas de simplificación de texto, Asistentes por voz","Procesamiento de Lenguaje Natural, Síntesis de voz, Reconocimiento de voz","Visual, Cognitiva, Motora",4.333333333333333,5.0,4.0,4.43
3,Gemini 2.0,"Asistentes conversacionales, Generadores automáticos de descripciones de imágenes, Asistentes por voz, Herramientas de simplificación de texto","Procesamiento de Lenguaje Natural, Reconocimiento de voz, Síntesis de voz, Visión por computadora","Visual, Cognitiva",4.333333333333333,5.0,4.0,4.43
5,Google Assistant,"Asistentes por voz, Navegación por voz, Software de comunicación asistiva","Procesamiento de Lenguaje Natural, Reconocimiento de voz, Síntesis de voz","Motora, Visual, Cognitiva",5.0,5.0,3.0,4.4
39,Otter.ai,"Sistemas de subtitulado automático, Herramientas de simplificación de texto","Reconocimiento de voz, Procesamiento de Lenguaje Natural, Síntesis de voz",Auditiva,5.0,3.0,4.0,4.1
34,JAWS,"Lectores de pantalla avanzados, Software de comunicación asistiva","Síntesis de voz, Procesamiento de Lenguaje Natural",Visual,5.0,3.0,4.0,4.1
26,Tecla,"Dispositivos asistivos inteligentes, Control de cursor alternativo","Motion tracking, Reconocimiento gestual","Motora, Cognitiva",5.0,4.333333333333333,1.5,3.75
40,AVA,Sistemas de subtitulado automático,"Procesamiento de Lenguaje Natural, Síntesis de voz",Auditiva,5.0,4.333333333333333,1.5,3.75
23,WAVE,"Herramientas de simplificación de texto, Dispositivos asistivos inteligentes","Procesamiento de Lenguaje Natural, Visión por computadora",Visual,4.333333333333333,5.0,1.5,3.68
35,Dragon NaturallySpeaking,"Navegación por voz, Reconocimiento de voz, Software de comunicación asistiva","Reconocimiento de voz, Procesamiento de Lenguaje Natural",Motora,4.333333333333333,2.3333333333333335,4.0,3.63
24,Voiceitt,"Reconocimiento de voz, Software de comunicación asistiva, Dispositivos asistivos inteligentes","Reconocimiento de voz, Procesamiento de Lenguaje Natural, Síntesis de voz","Cognitiva, Motora, Auditiva",4.333333333333333,3.6666666666666665,2.5,3.58
2,Microsoft Copilot (anteriormente Bing Chat),"Asistentes conversacionales, Herramientas de simplificación de texto, Asistentes por voz, Generadores automáticos de descripciones de imágenes","Procesamiento de Lenguaje Natural, Síntesis de voz, Reconocimiento de voz, Visión por computadora","Cognitiva, Visual",3.6666666666666665,3.6666666666666665,3.0,3.47
21,UserWay Accessibility Widget,Herramientas de simplificación de texto,"Síntesis de voz, Procesamiento de Lenguaje Natural, Visión por computadora","Visual, Cognitiva",3.6666666666666665,5.0,1.5,3.42
4,Alexa,"Asistentes por voz, Navegación por voz, Software de comunicación asistiva","Procesamiento de Lenguaje Natural, Reconocimiento de voz, Síntesis de voz","Visual, Motora, Cognitiva",4.333333333333333,3.0,2.5,3.38
30,Quha Zono,"Control de cursor alternativo, Dispositivos asistivos inteligentes","Motion tracking, Reconocimiento gestual",Motora,5.0,4.333333333333333,0.0,3.3
31,GlassOuse,"Control de cursor alternativo, Dispositivos asistivos inteligentes","Motion tracking, Reconocimiento gestual",Motora,5.0,4.333333333333333,0.0,3.3
33,NVDA,"Lectores de pantalla avanzados, Software de comunicación asistiva","Síntesis de voz, Procesamiento de Lenguaje Natural",Visual,4.333333333333333,2.3333333333333335,2.5,3.18
16,Enable Viacam (eViacam),"Control de cursor alternativo, Dispositivos asistivos inteligentes","Visión por computadora, Motion tracking",Motora,3.0,5.0,1.5,3.15
29,HeadMouse Nano,"Control de cursor alternativo, Dispositivos asistivos inteligentes","Motion tracking, Visión por computadora",Motora,5.0,3.6666666666666665,0.0,3.1
32,Jouse3,"Control de cursor alternativo, Dispositivos asistivos inteligentes","Motion tracking, Reconocimiento gestual",Motora,5.0,3.6666666666666665,0.0,3.1
7,Neuralink,"Interfaces cerebro-computadora, Control de cursor alternativo, Dispositivos asistivos inteligentes","Análisis de EEG, Procesamiento de Lenguaje Natural, Motion tracking",Motora,5.0,3.6666666666666665,0.0,3.1
20,Accessibility Insights for Web,Herramientas de simplificación de texto,"Procesamiento de Lenguaje Natural, Visión por computadora","Visual, Cognitiva",4.333333333333333,3.0,1.5,3.08
22,Voice Control for Browser,"Navegación por voz, Control de cursor alternativo, Dispositivos asistivos inteligentes","Reconocimiento de voz, Procesamiento de Lenguaje Natural, Síntesis de voz",Motora,3.0,3.6666666666666665,2.5,3.05
25,LipSurf,"Navegación por voz, Control de cursor alternativo, Dispositivos asistivos inteligentes","Reconocimiento de voz, Procesamiento de Lenguaje Natural, Síntesis de voz",Motora,4.333333333333333,1.6666666666666667,2.5,2.98
6,Siri,"Asistentes por voz, Navegación por voz, Software de comunicación asistiva","Procesamiento de Lenguaje Natural, Reconocimiento de voz, Síntesis de voz","Motora, Visual, Cognitiva",3.6666666666666665,1.0,4.0,2.97
10,CTRL-labs (Meta),"Interfaces cerebro-computadora, Control de cursor alternativo, Dispositivos asistivos inteligentes","Análisis de EEG, Motion tracking, Reconocimiento gestual",Motora,5.0,3.0,0.0,2.9
37,BrailleSurf,"Dispositivos asistivos inteligentes, Lectores de pantalla avanzados","Síntesis de voz, Procesamiento de Lenguaje Natural",Visual,4.333333333333333,2.3333333333333335,1.5,2.88
19,Irisbond,"Seguimiento ocular, Software de comunicación asistiva, Dispositivos asistivos inteligentes, Control de cursor alternativo","Eye-tracking, Procesamiento de Lenguaje Natural, Síntesis de voz",Motora,5.0,1.0,1.5,2.75
14,Tobii Dynavox,"Seguimiento ocular, Software de comunicación asistiva, Control de cursor alternativo, Dispositivos asistivos inteligentes","Eye-tracking, Síntesis de voz, Procesamiento de Lenguaje Natural",Motora,5.0,2.3333333333333335,0.0,2.7
11,OpenBCI (con la plataforma Galea),"Interfaces cerebro-computadora, Dispositivos asistivos inteligentes","Análisis de EEG, Motion tracking, Retroalimentación háptica inteligente","Motora, Cognitiva",4.333333333333333,3.0,0.0,2.63
8,BrainGate,"Interfaces cerebro-computadora, Control de cursor alternativo, Dispositivos asistivos inteligentes","Análisis de EEG, Motion tracking",Motora,4.333333333333333,3.0,0.0,2.63
27,EyeControl,"Seguimiento ocular, Software de comunicación asistiva, Dispositivos asistivos inteligentes","Eye-tracking, Síntesis de voz, Procesamiento de Lenguaje Natural",Motora,4.333333333333333,3.0,0.0,2.63
36,Project Mariner,"Asistentes conversacionales, Asistentes por voz, Navegación por voz, Herramientas de simplificación de texto","Procesamiento de Lenguaje Natural, Síntesis de voz, Visión por computadora, Reconocimiento de voz",Visual,3.6666666666666665,2.3333333333333335,1.5,2.62
41,Web Captioner,"Sistemas de subtitulado automático, Herramientas de simplificación de texto","Reconocimiento de voz, Procesamiento de Lenguaje Natural",Auditiva,3.0,4.333333333333333,0.0,2.5
13,Neurable,"Interfaces cerebro-computadora, Dispositivos asistivos inteligentes","Análisis de EEG, Motion tracking","Motora, Cognitiva",3.6666666666666665,3.0,0.0,2.37
12,Emotiv,"Interfaces cerebro-computadora, Dispositivos asistivos inteligentes","Análisis de EEG, Motion tracking","Motora, Cognitiva",3.0,3.6666666666666665,0.0,2.3
17,Sesame Phone,"Control de cursor alternativo, Dispositivos asistivos inteligentes","Visión por computadora, Motion tracking",Motora,3.6666666666666665,1.0,1.5,2.22
9,NextMind,"Interfaces cerebro-computadora, Control de cursor alternativo, Dispositivos asistivos inteligentes",Análisis de EEG,"Motora, Cognitiva",3.0,3.0,0.0,2.1
15,EyeSpeak,"Seguimiento ocular, Software de comunicación asistiva, Dispositivos asistivos inteligentes","Eye-tracking, Síntesis de voz, Procesamiento de Lenguaje Natural","Motora, Visual",3.0,1.0,1.5,1.95
18,GazeSpeak (Microsoft),"Software de comunicación asistiva, Seguimiento ocular","Eye-tracking, Procesamiento de Lenguaje Natural, Síntesis de voz",Motora,3.0,1.0,1.5,1.95
